direction,trades,net_profit,avg_profit,win_rate
buy,61,-4906.13,-80.4283606557377,0.3114754098360656
sell,65,-3114.65,-47.91769230769231,0.3076923076923077
