core_session,trades,net_profit,avg_profit,win_rate
True,126,-8020.78,-63.65698412698413,0.3095238095238095
